{
  "labels": [
    0,
    1
  ],
  "precision": [
    0.6848739495798319,
    0.7088846880907372
  ],
  "recall": [
    0.6791666666666667,
    0.7142857142857143
  ],
  "f1": [
    0.6820083682008368,
    0.7115749525616698
  ],
  "support": [
    480,
    525
  ],
  "confusion_matrix": [
    [
      326,
      154
    ],
    [
      150,
      375
    ]
  ]
}