{
  "labels": [
    0,
    1
  ],
  "precision": [
    0.6716697936210131,
    0.7055084745762712
  ],
  "recall": [
    0.7203219315895373,
    0.655511811023622
  ],
  "f1": [
    0.6951456310679611,
    0.6795918367346939
  ],
  "support": [
    497,
    508
  ],
  "confusion_matrix": [
    [
      358,
      139
    ],
    [
      175,
      333
    ]
  ]
}